src,width,height,weight,model
https://storage.prompt-hunt.workers.dev/clg2gs4uj000smt08q3veeyj5_1,1024,1536,,
https://storage.prompt-hunt.workers.dev/clfxmx3cv0004mm08kedvxahc_1,512,768,400%,PhChroma2
https://storage.prompt-hunt.workers.dev/clgabth11001fl908v8mlcgix_1,512,768,400%,PhChroma2
https://storage.prompt-hunt.workers.dev/clg7ibj7w0001mg08he0cmh9i_1,512,768,400%,PhChroma2
https://storage.prompt-hunt.workers.dev/clg7idx5q000emg08ddhl3g4l_1,512,768,400%,PhChroma2
https://storage.prompt-hunt.workers.dev/clg2afd3y0008l608nu5ycwz2_1,1024,1536,400%,PhChroma2
https://storage.prompt-hunt.workers.dev/clg7kl5sz0006md08gdfm2yu3_1,512,768,400%,PhChroma2
https://storage.prompt-hunt.workers.dev/clg85ym3q000nm8089sdovef1_1,512,768,400%,PhChroma2
https://storage.prompt-hunt.workers.dev/clfx8qzc10005mo09dn4ea5vb_1,1024,1536,400%,PhChroma2
https://storage.prompt-hunt.workers.dev/clg1yz2xd000nl908q8p2nl90_1,512,768,400%,PhChroma2
https://storage.prompt-hunt.workers.dev/clfzowzy0001kmr086ft2dgfb_1,512,768,400%,PhChroma2
https://storage.prompt-hunt.workers.dev/clfx8ojv90008mh09zotiblcu_1,1024,1536,400%,PhChroma2
https://storage.prompt-hunt.workers.dev/clg29t37q000aju08tklhzs9w_1,512,768,,
https://storage.prompt-hunt.workers.dev/clfunt7060027jz08qjr6xszp_1,512,768,400%,PhChroma2
https://storage.prompt-hunt.workers.dev/clfqu2rwu0001jm08b2yu0eut_1,512,768,400%,PhChroma2
https://storage.prompt-hunt.workers.dev/clg2chhuw000dl90830sohyry_1,512,768,,
https://storage.prompt-hunt.workers.dev/clfqeeccl0001l3083yrk6c2r_1,512,768,400%,PhChroma2
https://storage.prompt-hunt.workers.dev/clfusmyeh001cl5087ph1kq7w_1,2048,3072,400%,PhChroma2
https://storage.prompt-hunt.workers.dev/clfrtuxci000mmg09bwftgynz_1,512,768,400%,PhChroma2
https://storage.prompt-hunt.workers.dev/clfx8pcbd0011lc08aht7ue1z_1,1024,1536,400%,PhChroma2
https://storage.prompt-hunt.workers.dev/clg2fhfju0001jr080gaz1y87_1,1024,1536,,
https://storage.prompt-hunt.workers.dev/clg2ph7yu001bms082tbys4nn_1,1536,1024,,
https://storage.prompt-hunt.workers.dev/clftlu68y0017l708adhi73bx_1,1536,2048,400%,None
https://storage.prompt-hunt.workers.dev/clfqtxofk0001lc08vs5z6amy_1,512,768,400%,PhChroma2
https://storage.prompt-hunt.workers.dev/clg2pnbcs001hlf08lv7kdq2l_1,768,512,,
https://storage.prompt-hunt.workers.dev/clg2qwxfh0001mm086n82gj03_1,1536,1024,,
https://storage.prompt-hunt.workers.dev/clfwfy2e7000nml08lyngrl8h_1,512,768,400%,PhChroma2
https://storage.prompt-hunt.workers.dev/clfth7yw30007kx080eo2wkkz_1,512,768,400%,PhChroma2
https://storage.prompt-hunt.workers.dev/clfrtcu2i000ula08l86i8r7k_1,512,768,400%,PhChroma2
https://storage.prompt-hunt.workers.dev/clfqe15e10001ju08788ce54d_1,512,768,400%,PhChroma2
https://storage.prompt-hunt.workers.dev/clfzpc3th0005js081mocj5gm_1,512,768,400%,PhChroma2
https://storage.prompt-hunt.workers.dev/clfuskl7e0018l008plzglqx2_1,512,768,400%,PhChroma2
https://storage.prompt-hunt.workers.dev/clfqe37qu001gjr08wkleo6zj_1,512,768,400%,PhChroma2
https://storage.prompt-hunt.workers.dev/clg1rtto10001md087rfpq0zn_1,512,576,400%,PhChroma2
https://storage.prompt-hunt.workers.dev/clfqtwtrw0001kx084py7mvt2_1,512,768,400%,PhChroma2
https://storage.prompt-hunt.workers.dev/clfqee0p10001l408gkujmvas_1,512,768,400%,PhChroma2
https://storage.prompt-hunt.workers.dev/clfxmwb2i0007l208smjr0tmz_4,512,768,400%,PhChroma2
https://storage.prompt-hunt.workers.dev/clfunv0a4000sjw08sncj4lvc_1,512,768,400%,PhChroma2
https://storage.prompt-hunt.workers.dev/clfxkmejo0001lf08en2sv0pr_1,512,768,400%,PhChroma2
https://storage.prompt-hunt.workers.dev/clfvvk81l000ekz08qzoy0czv_1,512,768,400%,PhChroma2
https://storage.prompt-hunt.workers.dev/clfunx1im0009l008v2sp5a5u_1,512,768,400%,PhChroma2
https://storage.prompt-hunt.workers.dev/clfqdzygc000xl408yz1zout9_1,512,768,400%,PhChroma2
https://storage.prompt-hunt.workers.dev/clfqe0m5o0004l708nd7x2q9u_1,512,768,400%,PhChroma2
https://storage.prompt-hunt.workers.dev/clfqe3p1g000bju08azp9pebg_1,512,768,400%,PhChroma2
https://storage.prompt-hunt.workers.dev/clgaboaar0031mi084p0upivx_1,512,768,400%,PhChroma2
https://storage.prompt-hunt.workers.dev/clgabp6mf000nl908damwyfol_1,512,768,400%,PhChroma2
https://storage.prompt-hunt.workers.dev/clgabreqh001llb0826edh8he_1,512,768,400%,PhChroma2
https://storage.prompt-hunt.workers.dev/clgabrus70009mg088ruecd0o_1,512,768,400%,PhChroma2
https://storage.prompt-hunt.workers.dev/clgabsmsn000rjs09fujmkdd0_1,512,768,400%,PhChroma2
https://storage.prompt-hunt.workers.dev/clg2fhfju0001jr080gaz1y87_1,1024,1536,,
https://storage.prompt-hunt.workers.dev/clg1rtto10001md087rfpq0zn_1,512,576,400%,PhChroma2
https://storage.prompt-hunt.workers.dev/clgff523j000nmg08p62z5bwi_1,512,768,400%,PhChroma2
https://storage.prompt-hunt.workers.dev/clgecicrc000sjq07wcsf2mk7_1,512,768,400%,PhChroma2
https://storage.prompt-hunt.workers.dev/clg6iav2g0009kx08l4jvcyqx_1,512,768,400%,PhChroma2
https://storage.prompt-hunt.workers.dev/clg6ibpt10013mg08lwdy6iy9_1,512,768,400%,PhChroma2
https://storage.prompt-hunt.workers.dev/clg6exlrz0001jk08khsocrfp_1,512,768,400%,PhChroma2
https://storage.prompt-hunt.workers.dev/clg4v1hzm001ql908fafnn8dp_1,512,768,400%,PhChroma2
https://storage.prompt-hunt.workers.dev/clg2o1ycj000pmq08etfidx29_1,1024,1024,,
https://storage.prompt-hunt.workers.dev/clg2o08fk000jmg08uzdig8h8_1,1024,1024,,
https://storage.prompt-hunt.workers.dev/clg2ogdu2001slb08gd8hwbom_1,512,512,,
https://storage.prompt-hunt.workers.dev/clg2nxcuh0001jv08fo7iw6fd_1,1024,1024,,
https://storage.prompt-hunt.workers.dev/clg2nl42h001gl308rzspm6q8_1,1024,1024,,
https://storage.prompt-hunt.workers.dev/clg2nv2bn000wl108z9vw7cqd_1,1024,1024,,
https://storage.prompt-hunt.workers.dev/clg2hjtap000nl9084535rp7z_1,512,768,,
https://storage.prompt-hunt.workers.dev/clg2gk3av000xgz08njxfumlo_1,512,768,,
https://storage.prompt-hunt.workers.dev/clg2gnsqf000kl008shpf8zlc_1,1024,1536,,
https://storage.prompt-hunt.workers.dev/clg2gpyw6000ome08zxtvwoq9_1,1024,1536,,
https://storage.prompt-hunt.workers.dev/clg2gtoas0007mq07j09o7u6u_1,1024,1536,,
https://storage.prompt-hunt.workers.dev/clg2c7hj6000fmn08mt90ttyf_1,512,768,400%,PhChroma2
https://storage.prompt-hunt.workers.dev/clg2bt5xy0001lh08yx0zx6fr_1,512,768,400%,PhChroma2
https://storage.prompt-hunt.workers.dev/clg2bw0dn001rju084vkark6c_1,1024,1536,400%,PhChroma2
https://storage.prompt-hunt.workers.dev/clg2bnjln000ol408rxb8o5yd_1,1024,1536,400%,PhChroma2
https://storage.prompt-hunt.workers.dev/clg1t7z5a0005lb08bcjt480j_1,768,1024,400%,PhChroma2
https://storage.prompt-hunt.workers.dev/clg1t92jg0001le08lxyj411g_1,768,1024,400%,PhChroma2
https://storage.prompt-hunt.workers.dev/clg1t9zs5000flb087apw0e4t_1,512,640,400%,PhChroma2
https://storage.prompt-hunt.workers.dev/clg1t8hb00001lc08dbf0zpbd_1,768,1024,400%,PhChroma2
https://storage.prompt-hunt.workers.dev/clg1a8ux20015lc082pdlm402_1,704,512,400%,PhChroma2
https://storage.prompt-hunt.workers.dev/clg0wa955001al908zh8obpd2_1,512,768,400%,PhChroma2
https://storage.prompt-hunt.workers.dev/clg0w3ul2001kjn08qgzc3t6k_1,512,768,400%,PhChroma2
https://storage.prompt-hunt.workers.dev/clg0vzl3e0001lb08yeqfoex1_1,512,768,400%,PhChroma2
https://storage.prompt-hunt.workers.dev/clg0w7tlf000ql00800mauf6n_1,512,768,400%,PhChroma2
https://storage.prompt-hunt.workers.dev/clg0w2wpu0005ky0860qhesth_1,512,768,400%,PhChroma2
https://storage.prompt-hunt.workers.dev/clg0avdwa0007jr08jtrrbenw_2,768,512,400%,PhChroma2
https://storage.prompt-hunt.workers.dev/clg0aocgu000jk208mfb23255_4,768,512,400%,PhChroma2
https://storage.prompt-hunt.workers.dev/clfzpdax9000jlb089yf5jyzw_1,512,768,400%,PhChroma2
https://storage.prompt-hunt.workers.dev/clgcs109c001kmj08t01fvbt5_1,512,768,400%,PhChroma2
https://storage.prompt-hunt.workers.dev/clfzj6zve000mk3088q6b8fa9_1,512,768,400%,PhChroma2
https://storage.prompt-hunt.workers.dev/clfzj7c14000ajt08125qiept_1,1024,1536,400%,PhChroma2
https://storage.prompt-hunt.workers.dev/clfzj7mh50001l408qxmorqdh_1,1024,1536,400%,PhChroma2
https://storage.prompt-hunt.workers.dev/clfzj7v0n0004l408be3vd4po_1,1024,1536,400%,PhChroma2
https://storage.prompt-hunt.workers.dev/clgcrzx6u0012mk08z6slwvgu_1,512,768,400%,PhChroma2
https://storage.prompt-hunt.workers.dev/clfziutr1000hl808wbo5fggw_1,512,768,400%,PhChroma2
https://storage.prompt-hunt.workers.dev/clg8wehju0001k708ozvt230c_1,768,1024,400%,PhChroma2
https://storage.prompt-hunt.workers.dev/clg8wd7aa0006k7084podmipp_1,768,1024,400%,PhChroma2
https://storage.prompt-hunt.workers.dev/clg8zmes80005l708mczfl7fw_1,512,768,400%,PhChroma2
https://storage.prompt-hunt.workers.dev/clg8xhtih0001kx078s5gva0z_1,512,768,400%,PhChroma2
https://storage.prompt-hunt.workers.dev/clg8x1obp0006jt08zloacx7z_1,512,768,400%,PhChroma2
https://storage.prompt-hunt.workers.dev/clgkclo170004mg08ekf6m2jy_1,512,768,400%,PhChroma2
https://storage.prompt-hunt.workers.dev/clgkcmirg0011jz08idp05an6_1,512,768,400%,PhChroma2
https://storage.prompt-hunt.workers.dev/clgkcn8dl001cjv08u4x5q60a_1,512,768,400%,PhChroma2
https://storage.prompt-hunt.workers.dev/clgkckbq1001pkv08roxhiukd_1,512,768,400%,PhChroma2
https://storage.prompt-hunt.workers.dev/clg67xxxa0009le08qw61k1l5_1,768,1024,400%,PhChroma2
https://storage.prompt-hunt.workers.dev/clg6626r30029mi080s5rqns1_1,512,768,400%,PhChroma2
https://storage.prompt-hunt.workers.dev/clg2hjtap000nl9084535rp7z_1,512,768,,
https://storage.prompt-hunt.workers.dev/clg2gk3av000xgz08njxfumlo_1,512,768,,
https://storage.prompt-hunt.workers.dev/clg2gnsqf000kl008shpf8zlc_1,1024,1536,,
https://storage.prompt-hunt.workers.dev/clg2gpyw6000ome08zxtvwoq9_1,1024,1536,,
https://storage.prompt-hunt.workers.dev/clg2gtoas0007mq07j09o7u6u_1,1024,1536,,
https://storage.prompt-hunt.workers.dev/clg2c7hj6000fmn08mt90ttyf_1,512,768,400%,PhChroma2
https://storage.prompt-hunt.workers.dev/clg2bt5xy0001lh08yx0zx6fr_1,512,768,400%,PhChroma2
https://storage.prompt-hunt.workers.dev/clg2bw0dn001rju084vkark6c_1,1024,1536,400%,PhChroma2
https://storage.prompt-hunt.workers.dev/clg2bnjln000ol408rxb8o5yd_1,1024,1536,400%,PhChroma2
https://storage.prompt-hunt.workers.dev/clg1wzipp0009jp08atkce7oj_1,512,768,400%,PhChroma2
https://storage.prompt-hunt.workers.dev/clg1x125g000gmh08m19f7dsg_1,512,768,400%,PhChroma2
https://storage.prompt-hunt.workers.dev/clg0wa955001al908zh8obpd2_1,512,768,400%,PhChroma2
https://storage.prompt-hunt.workers.dev/clg0w3ul2001kjn08qgzc3t6k_1,512,768,400%,PhChroma2
https://storage.prompt-hunt.workers.dev/clg0vzl3e0001lb08yeqfoex1_1,512,768,400%,PhChroma2
https://storage.prompt-hunt.workers.dev/clg0w7tlf000ql00800mauf6n_1,512,768,400%,PhChroma2
https://storage.prompt-hunt.workers.dev/clg0w2wpu0005ky0860qhesth_1,512,768,400%,PhChroma2
https://storage.prompt-hunt.workers.dev/clfyg8kik0001mi07ssi7jlbm_1,512,768,400%,PhChroma2
https://storage.prompt-hunt.workers.dev/clfxmtt2e0001lc08cug83t1i_1,512,768,400%,PhChroma2
https://storage.prompt-hunt.workers.dev/clfxmys0j0001lc081s3k1q4n_4,512,768,400%,PhChroma2
https://storage.prompt-hunt.workers.dev/clfxmztla000al5084z7yq4kn_4,512,768,400%,PhChroma2
https://storage.prompt-hunt.workers.dev/clfw62k510006l208mmsd9wvj_4,512,768,400%,PhChroma2
https://storage.prompt-hunt.workers.dev/clfth64ah000pl508bjseeax8_1,512,768,400%,PhChroma2
https://storage.prompt-hunt.workers.dev/clfsp89ow0001i608ikagqgu9_1,512,512,400%,PhChroma2
https://storage.prompt-hunt.workers.dev/clfs7ke6i000cmn08gj7heheo_1,512,768,400%,PhChroma2
https://storage.prompt-hunt.workers.dev/clfs7kozs0001l308xjyg5mnv_1,512,768,400%,PhChroma2
https://storage.prompt-hunt.workers.dev/clfrtqaua0005md08ijplfplm_1,512,768,400%,PhChroma2
https://storage.prompt-hunt.workers.dev/clfrtpg9m0001mg08945ugfyh_1,512,768,400%,PhChroma2
https://storage.prompt-hunt.workers.dev/clfrtz5vh0001md08lw4gaqaa_1,512,768,400%,PhChroma2
https://storage.prompt-hunt.workers.dev/clfru1iuy000tmd08rzs6gn1w_1,512,768,400%,PhChroma2
https://storage.prompt-hunt.workers.dev/clfrtihqi0011mj08eafmfkwz_1,512,768,400%,PhChroma2
https://storage.prompt-hunt.workers.dev/clfqrgdda0001l508y3es33x3_1,512,768,400%,PhChroma2
https://storage.prompt-hunt.workers.dev/clfqegpdj000il3084if2zx8x_1,512,768,400%,PhChroma2
https://storage.prompt-hunt.workers.dev/clgc2fi62000gl308x17umrtf_1,512,768,400%,PhChroma2
https://storage.prompt-hunt.workers.dev/clgc2f9e6006ol5089nonmppq_1,512,768,400%,PhChroma2
https://storage.prompt-hunt.workers.dev/clg1ywwl9000dl9085qizsq7s_1,512,768,400%,PhChroma2
https://storage.prompt-hunt.workers.dev/clg1z4ttq001vl9081gj5uuwv_1,512,768,400%,PhChroma2
https://storage.prompt-hunt.workers.dev/clg1z6m0d000vmq08vh7skj5l_4,512,768,400%,PhChroma2
https://storage.prompt-hunt.workers.dev/clg1yzp9o0008l408k8h1chyw_1,512,768,400%,PhChroma2
https://storage.prompt-hunt.workers.dev/clg1z0gio000ikx08tdf6yezn_1,512,768,400%,PhChroma2
https://storage.prompt-hunt.workers.dev/clg1z1tkr0005kx083qhagw0p_1,512,768,400%,PhChroma2
https://storage.prompt-hunt.workers.dev/clg1z3jym001dmh08ojl2eu0y_1,512,768,400%,PhChroma2
https://storage.prompt-hunt.workers.dev/clg1z5mx1001kl208ydltwfg5_2,512,768,400%,PhChroma2
https://storage.prompt-hunt.workers.dev/clg1z7plb000wmo08yq53yo4z_2,512,768,400%,PhChroma2
https://storage.prompt-hunt.workers.dev/clg1zavuo001mmj08eddtr8ri_4,512,768,400%,PhChroma2
https://storage.prompt-hunt.workers.dev/clg1z92bz000jmp08c8ada404_3,512,768,400%,PhChroma2
https://storage.prompt-hunt.workers.dev/clg1zcddl001ikx08bmr1yl97_1,512,768,400%,PhChroma2
https://storage.prompt-hunt.workers.dev/clg1wzipp0009jp08atkce7oj_1,512,768,400%,PhChroma2
https://storage.prompt-hunt.workers.dev/clg1x125g000gmh08m19f7dsg_1,512,768,400%,PhChroma2
https://storage.prompt-hunt.workers.dev/clg1t7z5a0005lb08bcjt480j_1,768,1024,400%,PhChroma2
https://storage.prompt-hunt.workers.dev/clg1t92jg0001le08lxyj411g_1,768,1024,400%,PhChroma2
https://storage.prompt-hunt.workers.dev/clg1t9zs5000flb087apw0e4t_1,512,640,400%,PhChroma2
https://storage.prompt-hunt.workers.dev/clg1t8hb00001lc08dbf0zpbd_1,768,1024,400%,PhChroma2
https://storage.prompt-hunt.workers.dev/clg1k48ic000gjq08whz2lia7_1,512,768,400%,PhChroma2
https://storage.prompt-hunt.workers.dev/clg1a8ux20015lc082pdlm402_1,704,512,400%,PhChroma2
https://storage.prompt-hunt.workers.dev/clg0wseu30005jt08u7d0mgek_1,512,768,400%,PhChroma2
https://storage.prompt-hunt.workers.dev/clg0wqe3p000cky083y1ducmg_1,512,768,400%,PhChroma2
https://storage.prompt-hunt.workers.dev/clg0wa955001al908zh8obpd2_1,512,768,400%,PhChroma2
https://storage.prompt-hunt.workers.dev/clg0w3ul2001kjn08qgzc3t6k_1,512,768,400%,PhChroma2
https://storage.prompt-hunt.workers.dev/clg0vzl3e0001lb08yeqfoex1_1,512,768,400%,PhChroma2
https://storage.prompt-hunt.workers.dev/clg0w7tlf000ql00800mauf6n_1,512,768,400%,PhChroma2
https://storage.prompt-hunt.workers.dev/clg0w2wpu0005ky0860qhesth_1,512,768,400%,PhChroma2
https://storage.prompt-hunt.workers.dev/clg0avdwa0007jr08jtrrbenw_2,768,512,400%,PhChroma2
https://storage.prompt-hunt.workers.dev/clg0aocgu000jk208mfb23255_4,768,512,400%,PhChroma2
https://storage.prompt-hunt.workers.dev/clg0659qj0004la08r3mieznt_1,768,512,400%,PhChroma2
https://storage.prompt-hunt.workers.dev/clg066l3l000gmo08nqsezyqt_1,768,512,400%,PhChroma2
https://storage.prompt-hunt.workers.dev/clg0086y8000fl408dqfjr8zf_1,512,768,400%,PhChroma2
https://storage.prompt-hunt.workers.dev/clg000c2c000pmi087tq5lqas_1,512,768,400%,PhChroma2
https://storage.prompt-hunt.workers.dev/clg00353m0001l008n27s3i5i_1,512,768,400%,PhChroma2
https://storage.prompt-hunt.workers.dev/clg00660g0001la083hswihes_1,512,768,400%,PhChroma2
https://storage.prompt-hunt.workers.dev/clg004y1m000al408z5nexc88_1,512,768,400%,PhChroma2
https://storage.prompt-hunt.workers.dev/clg001lol0001l90816ofc1hl_1,512,768,400%,PhChroma2
https://storage.prompt-hunt.workers.dev/clg0079dy0008mk083duhm8g8_1,512,768,400%,PhChroma2
https://storage.prompt-hunt.workers.dev/clfzyxtdn0001mi07kl4ibgc8_1,512,768,400%,PhChroma2
https://storage.prompt-hunt.workers.dev/clfzzewls0001la082t5zg3ry_1,512,768,400%,PhChroma2
https://storage.prompt-hunt.workers.dev/clfzyrzrt0001mf08c798thvj_1,512,768,400%,PhChroma2
https://storage.prompt-hunt.workers.dev/clfzyq75f0005jr08oujka6sj_1,512,768,400%,PhChroma2
https://storage.prompt-hunt.workers.dev/clfzyp9ef0002mj08ofynz1kr_1,512,768,400%,PhChroma2
https://storage.prompt-hunt.workers.dev/clfzynsjp000emm08h2bjeob7_1,1024,1536,400%,PhChroma2
https://storage.prompt-hunt.workers.dev/clfzyuwi5000ll608gmrm0ltl_1,512,768,400%,PhChroma2
https://storage.prompt-hunt.workers.dev/clfzyn8vt000eme084p6zcj75_1,512,768,400%,PhChroma2
https://storage.prompt-hunt.workers.dev/clfzw7acy0004kx07bro4rfbq_1,1024,1536,400%,PhChroma2
https://storage.prompt-hunt.workers.dev/clfzs60g60006mg084frttmd9_1,512,768,400%,PhChroma2
https://storage.prompt-hunt.workers.dev/clfzs7qlf000ejn08atlq5u61_1,512,768,400%,PhChroma2
https://storage.prompt-hunt.workers.dev/clfzs9bm7000jjn08nrhyi76g_1,512,768,400%,PhChroma2
https://storage.prompt-hunt.workers.dev/clfzs6w2t0005md08qued13eu_1,512,768,400%,PhChroma2
https://storage.prompt-hunt.workers.dev/clfzrmbyf0001mj08jlm8269n_1,768,1024,400%,PhChroma2
https://storage.prompt-hunt.workers.dev/clfzro3vn000bme08uf70a4mm_1,768,1024,400%,PhChroma2
https://storage.prompt-hunt.workers.dev/clfzrpd8j0001mj08u3lo9sn3_1,512,768,400%,PhChroma2
https://storage.prompt-hunt.workers.dev/clfzrrc390001l7095i58jcxr_1,512,768,400%,PhChroma2
https://storage.prompt-hunt.workers.dev/clfzrtsi8000jl7099gjgkkkd_1,512,768,400%,PhChroma2
https://storage.prompt-hunt.workers.dev/clfzrsxx6000cl709m16txlp8_1,512,768,400%,PhChroma2
https://storage.prompt-hunt.workers.dev/clfzrusvf000kjo08ren6i6o5_1,512,768,400%,PhChroma2
https://storage.prompt-hunt.workers.dev/clfzrw2x3000ojo088uua4nrs_1,512,768,400%,PhChroma2
https://storage.prompt-hunt.workers.dev/clfzrjhnw0004jn087fukpwzf_1,512,768,400%,PhChroma2
https://storage.prompt-hunt.workers.dev/clfzreo760001mj08mzg30u8x_1,512,640,400%,PhChroma2
https://storage.prompt-hunt.workers.dev/clfzrfd1d001dmk095czgvuu1_1,512,640,400%,PhChroma2
https://storage.prompt-hunt.workers.dev/clfzpdax9000jlb089yf5jyzw_1,512,768,400%,PhChroma2
https://storage.prompt-hunt.workers.dev/clfzll1ya000omr08rkwyayui_1,512,768,400%,PhChroma2
https://storage.prompt-hunt.workers.dev/clfzk5yfb0001lb089xqzidh5_1,512,768,400%,Mo Di Diffusion
https://storage.prompt-hunt.workers.dev/clgcs109c001kmj08t01fvbt5_1,512,768,400%,PhChroma2
https://storage.prompt-hunt.workers.dev/clfzj6zve000mk3088q6b8fa9_1,512,768,400%,PhChroma2
https://storage.prompt-hunt.workers.dev/clfzj7c14000ajt08125qiept_1,1024,1536,400%,PhChroma2
https://storage.prompt-hunt.workers.dev/clfzj7mh50001l408qxmorqdh_1,1024,1536,400%,PhChroma2
https://storage.prompt-hunt.workers.dev/clfzj7v0n0004l408be3vd4po_1,1024,1536,400%,PhChroma2
https://storage.prompt-hunt.workers.dev/clgcrzx6u0012mk08z6slwvgu_1,512,768,400%,PhChroma2
https://storage.prompt-hunt.workers.dev/clfziutr1000hl808wbo5fggw_1,512,768,400%,PhChroma2
https://storage.prompt-hunt.workers.dev/clgcrskhv002wkz081vdmq1o9_1,768,512,400%,PhChroma2
https://storage.prompt-hunt.workers.dev/clfzcxoru0001js08k13jcr1m_1,512,768,400%,PhChroma2
https://storage.prompt-hunt.workers.dev/clfzcvga8001jmg08oql7feel_1,512,768,400%,PhChroma2
https://storage.prompt-hunt.workers.dev/clfzcukly0004jw080vfaratm_1,512,768,400%,PhChroma2
https://storage.prompt-hunt.workers.dev/clfzcwey00001m8089ymfpzwr_1,512,768,400%,PhChroma2
https://storage.prompt-hunt.workers.dev/clfzcsg190004ml082hhqhpni_1,1024,1536,400%,PhChroma2
https://storage.prompt-hunt.workers.dev/clfzcr3ux0001jv08nxfbgm9n_1,512,768,400%,PhChroma2
https://storage.prompt-hunt.workers.dev/clfzcrxgw0006mo08pgff44sy_1,512,768,400%,PhChroma2
https://storage.prompt-hunt.workers.dev/clgcs0lcl0054kz089usayxez_1,512,768,400%,PhChroma2
https://storage.prompt-hunt.workers.dev/clfym0x9a000ml708zf9jxaaq_1,512,768,400%,PhChroma2
https://storage.prompt-hunt.workers.dev/clfyg8kik0001mi07ssi7jlbm_1,512,768,400%,PhChroma2
https://storage.prompt-hunt.workers.dev/clfxmtt2e0001lc08cug83t1i_1,512,768,400%,PhChroma2
https://storage.prompt-hunt.workers.dev/clfxmys0j0001lc081s3k1q4n_4,512,768,400%,PhChroma2
https://storage.prompt-hunt.workers.dev/clfxmztla000al5084z7yq4kn_4,512,768,400%,PhChroma2
https://storage.prompt-hunt.workers.dev/clgcs202z0001l908hgqtgpvj_1,512,768,400%,PhChroma2
https://storage.prompt-hunt.workers.dev/clgcs1h1w0001la08q9cctd4b_1,512,768,400%,PhChroma2
https://storage.prompt-hunt.workers.dev/clfwfwb9t000tmh07oi9tct8c_1,512,768,400%,PhChroma2
https://storage.prompt-hunt.workers.dev/clfw62k510006l208mmsd9wvj_4,512,768,400%,PhChroma2
https://storage.prompt-hunt.workers.dev/clfvvlige000ilc08au11x0u1_1,512,768,400%,PhChroma2
https://storage.prompt-hunt.workers.dev/clfv2xjvd0001jm08wuuqsvnx_1,512,768,400%,PhChroma2
https://storage.prompt-hunt.workers.dev/clfv2xwml000emf08r0hq4w7r_1,512,768,400%,PhChroma2
https://storage.prompt-hunt.workers.dev/clfusmafw000wml08dm5wrfdr_1,4096,6144,400%,PhChroma2
https://storage.prompt-hunt.workers.dev/clfusle7y000oml082xqllxuz_1,1024,1536,400%,PhChroma2
https://storage.prompt-hunt.workers.dev/clfuslq9c001fl008k4axzc72_1,2048,3072,400%,PhChroma2
https://storage.prompt-hunt.workers.dev/clfusjpu70009mg081vk1flmc_1,512,768,400%,PhChroma2
https://storage.prompt-hunt.workers.dev/clfusmpk9001tl008i1mw86jl_1,1024,1536,400%,PhChroma2
https://storage.prompt-hunt.workers.dev/clfunvcb60016ms0822ln1kfv_1,512,768,400%,PhChroma2
https://storage.prompt-hunt.workers.dev/clfunxce80001mn08xxkqnftc_1,512,768,400%,PhChroma2
https://storage.prompt-hunt.workers.dev/clfuntqv6003cl108evqhblgd_1,512,768,400%,PhChroma2
https://storage.prompt-hunt.workers.dev/clftlta68000dlb08tsqzkkiq_4,768,1024,400%,None
https://storage.prompt-hunt.workers.dev/clfth64ah000pl508bjseeax8_1,512,768,400%,PhChroma2
https://storage.prompt-hunt.workers.dev/clfsp89ow0001i608ikagqgu9_1,512,512,400%,PhChroma2
https://storage.prompt-hunt.workers.dev/clfs7ke6i000cmn08gj7heheo_1,512,768,400%,PhChroma2
https://storage.prompt-hunt.workers.dev/clfs7kozs0001l308xjyg5mnv_1,512,768,400%,PhChroma2
https://storage.prompt-hunt.workers.dev/clfrtqaua0005md08ijplfplm_1,512,768,400%,PhChroma2
https://storage.prompt-hunt.workers.dev/clfrtpg9m0001mg08945ugfyh_1,512,768,400%,PhChroma2
https://storage.prompt-hunt.workers.dev/clfrtz5vh0001md08lw4gaqaa_1,512,768,400%,PhChroma2
https://storage.prompt-hunt.workers.dev/clfru1iuy000tmd08rzs6gn1w_1,512,768,400%,PhChroma2
https://storage.prompt-hunt.workers.dev/clfrtihqi0011mj08eafmfkwz_1,512,768,400%,PhChroma2
https://storage.prompt-hunt.workers.dev/clfqtz8rk0007la081fdshcgg_1,512,768,400%,PhChroma2
https://storage.prompt-hunt.workers.dev/clfqtx6y5000smh08pc5phkih_1,512,768,400%,PhChroma2
https://storage.prompt-hunt.workers.dev/clfqtyvin0004lb08r1e0qakf_1,512,768,400%,PhChroma2
https://storage.prompt-hunt.workers.dev/clfqu32p90001m808uwfvsq42_1,512,768,400%,PhChroma2
https://storage.prompt-hunt.workers.dev/clfqu4v9b0005mq08fg1bxozo_1,512,768,400%,PhChroma2
https://storage.prompt-hunt.workers.dev/clfqu1djw000qlc08ogjd9et1_1,512,768,400%,PhChroma2
https://storage.prompt-hunt.workers.dev/clfqu4esn0004kx088drbdts2_1,512,768,400%,PhChroma2
https://storage.prompt-hunt.workers.dev/clfqrgdda0001l508y3es33x3_1,512,768,400%,PhChroma2
https://storage.prompt-hunt.workers.dev/clfqeg94z0001mj084vokuj7t_1,512,768,400%,PhChroma2
https://storage.prompt-hunt.workers.dev/clfqei51n001ild08qk9jpncj_1,512,768,400%,PhChroma2
https://storage.prompt-hunt.workers.dev/clfqeijs80001ky09k42uf0va_1,512,768,400%,PhChroma2
https://storage.prompt-hunt.workers.dev/clfqeiv2j0001m508omh2e9iq_1,512,768,400%,PhChroma2
https://storage.prompt-hunt.workers.dev/clfqegpdj000il3084if2zx8x_1,512,768,400%,PhChroma2
https://storage.prompt-hunt.workers.dev/clgc2fpdi007amq08h48nsh9s_1,512,768,400%,PhChroma2
https://storage.prompt-hunt.workers.dev/clgc2fxxr0001mh08oqkl4sjb_1,512,768,400%,PhChroma2
https://storage.prompt-hunt.workers.dev/clgc2fi62000gl308x17umrtf_1,512,768,400%,PhChroma2
https://storage.prompt-hunt.workers.dev/clgc2f9e6006ol5089nonmppq_1,512,768,400%,PhChroma2
https://storage.prompt-hunt.workers.dev/clgc00672002qju08fpb52tu8_1,512,768,400%,PhChroma2
https://storage.prompt-hunt.workers.dev/clgazd0h90008mg086fomkwqt_1,512,768,400%,PhChroma2
https://storage.prompt-hunt.workers.dev/clgazbyxd0015me08zya2a0ar_1,512,768,400%,PhChroma2
https://storage.prompt-hunt.workers.dev/clgazahbb0021jr08uw9n4t27_1,512,768,400%,PhChroma2
https://storage.prompt-hunt.workers.dev/clgazb953003wmw089zc8ilrk_1,512,768,400%,PhChroma2
https://storage.prompt-hunt.workers.dev/clgaz9ao5001gle089bl84vnx_1,512,768,400%,PhChroma2
https://storage.prompt-hunt.workers.dev/clgaz86mr000zjs08ia2yso4f_1,512,768,400%,PhChroma2
https://storage.prompt-hunt.workers.dev/clgabqt3m0005js09n4dc4rjy_1,512,768,400%,PhChroma2
https://storage.prompt-hunt.workers.dev/clgabuh7r001ol9080rd6egdd_1,512,768,400%,PhChroma2
https://storage.prompt-hunt.workers.dev/clgabv481001cl208vsz7t82g_1,512,768,400%,PhChroma2
https://storage.prompt-hunt.workers.dev/clgabvns1001alb085iwb1vgz_1,512,768,400%,PhChroma2
https://storage.prompt-hunt.workers.dev/clgabx3xc0019mg08u8w34ev6_1,512,768,400%,PhChroma2
https://storage.prompt-hunt.workers.dev/clgabmgp20001mq0864q3xchf_1,512,768,400%,PhChroma2
https://storage.prompt-hunt.workers.dev/clgabnsd9000hmq08ateckip4_1,512,768,400%,PhChroma2
https://storage.prompt-hunt.workers.dev/clgabmvzr000ll208vi8q2au9_1,512,768,400%,PhChroma2
https://storage.prompt-hunt.workers.dev/clg9wt8v80009mk08g2mkpw5c_1,512,768,400%,PhChroma2
https://storage.prompt-hunt.workers.dev/clg9wu2il000emk08vp5phqux_1,512,768,400%,PhChroma2
https://storage.prompt-hunt.workers.dev/clg8wfwev0007mc0884qevo53_1,768,1024,400%,PhChroma2
https://storage.prompt-hunt.workers.dev/clg8wbnpp0001jt0853hkn7la_1,768,1024,400%,PhChroma2
https://storage.prompt-hunt.workers.dev/clg8wehju0001k708ozvt230c_1,768,1024,400%,PhChroma2
https://storage.prompt-hunt.workers.dev/clg8wd7aa0006k7084podmipp_1,768,1024,400%,PhChroma2
https://storage.prompt-hunt.workers.dev/clg8vc2z5000ul2088r8q477h_1,512,768,400%,PhChroma2
https://storage.prompt-hunt.workers.dev/clg908sjq000kl6088bqnp69u_1,512,768,400%,PhChroma2
https://storage.prompt-hunt.workers.dev/clg9042mv000bjv08jjhaopqu_1,512,768,400%,PhChroma2
https://storage.prompt-hunt.workers.dev/clg8zmes80005l708mczfl7fw_1,512,768,400%,PhChroma2
https://storage.prompt-hunt.workers.dev/clg85u7850001k30862yenv2b_1,512,768,400%,PhChroma2
https://storage.prompt-hunt.workers.dev/clg85ws84000hm808sd3llwbk_1,512,768,400%,PhChroma2
https://storage.prompt-hunt.workers.dev/clg83b23a000agv08vch7cmwm_1,512,768,400%,PhChroma2
https://storage.prompt-hunt.workers.dev/clg8xyvow0001mi07o1pu6go3_1,512,768,400%,PhChroma2
https://storage.prompt-hunt.workers.dev/clg8xs88o0004mi08x0lli440_1,512,768,400%,PhChroma2
https://storage.prompt-hunt.workers.dev/clg8xq0o80001l7088qtppnh0_1,512,768,400%,PhChroma2
https://storage.prompt-hunt.workers.dev/clg8xtic70001mk084a4cvsuo_1,512,768,400%,PhChroma2
https://storage.prompt-hunt.workers.dev/clg8xhtih0001kx078s5gva0z_1,512,768,400%,PhChroma2
https://storage.prompt-hunt.workers.dev/clg8xarbg0001jy08k2atcjjd_1,512,768,400%,PhChroma2
https://storage.prompt-hunt.workers.dev/clg8xdbh5000ml608s10yps0p_1,512,768,400%,PhChroma2
https://storage.prompt-hunt.workers.dev/clg8x1obp0006jt08zloacx7z_1,512,768,400%,PhChroma2
https://storage.prompt-hunt.workers.dev/clg8wyc6c000fjn081ybzv10j_1,512,768,400%,PhChroma2
https://storage.prompt-hunt.workers.dev/clg8ww6qo000rkz085xhviiul_1,512,768,400%,PhChroma2
https://storage.prompt-hunt.workers.dev/clg8wtsk90001lc08cyqy4kpb_1,512,768,400%,PhChroma2
https://storage.prompt-hunt.workers.dev/clg7icw70000ll808g8jm1ts4_1,512,768,400%,PhChroma2
https://storage.prompt-hunt.workers.dev/clg7i86a20004jy08kf7pdj6s_1,512,768,400%,PhChroma2
